,Material,Long Material Description,Supplier,Location,Leadtime,Tank_Drum_Size,function,Comments,Intransit,Intransit_Notes,Stock_CH01,Stock_CH10,Consumption on Current Month,PIGCOM,monthly Chemical Forecast,current Chemical Demand,monthly Consumption (6months),monthly Consumption (3months)
0,104989.0,RM 1080,GSC ITALY,O,80.0,120.0,Auxiliary,keo FISS water,840.0,2023-07-22::120.0|||2023-08-19::720.0,,267.0,95.63,COMPOUND,0.0,0.0,302.0,359.0
1,104988.0,RM 2510,GSC ITALY,O,80.0,120.0,Auxiliary,"keo FONDO, RIM",,,3120.0,436.0,81.75,COMPOUND,1.0,0.0,406.0,442.0
2,100094.0,ACRYSOL RM-825,LANXESS,D,23.0,204.0,Auxiliary,"keo mau art: Ellington, Benfica, Viseu",,,204.0,160.0,22.207,COMPOUND,0.0,0.0,70.0,88.0
3,104769.0,CONTEX AMARANTO,SAMIA,O,70.0,60.0,Pigmented,xai het khong mua nua,,,360.0,50.0,0.0,PIGMENT,0.0,0.0,22.0,14.0
4,105458.0,OXY CAR AMARANTH HP,GSC,O,70.0,120.0,Pigmented,GSC pigment,,,840.0,72.0,15.717,PIGMENT,94.0,3.0,35.0,30.0
5,104804.0,ARANCIO CONTEX ECP,SAMIA,O,70.0,120.0,,xai het khong mua nua,,,120.0,,0.0,PIGMENT,0.0,0.0,5.0,0.0
6,105535.0,OPERA MANDARINO,GSC,O,70.0,120.0,Pigmented,GSC pigment,,,1080.0,187.0,0.171,PIGMENT,59.0,1.0,27.0,27.0
7,105186.0,OXY FINE ARANCIO CO,GSC,O,70.0,120.0,Pigmented,GSC project,,,,,0.0,,,,0.0,0.0
8,104523.0,ORANGE DHL,RINO MASTROTTO GROUP S.P.A,O,0.0,1.0,Pigmented,,,,,86.0,0.024,COMPOUND,0.0,0.0,1.0,1.0
9,104744.0,ISOLAC ORANGE,SAMIA,O,70.0,10.0,Pigmented,,,,170.0,6.0,0.0,PIGMENT,1.0,0.0,1.0,1.0
10,105589.0,SHADE ORANGE/EJ,GSC,O,70.0,10.0,Pigmented,,,,,,0.0,,,,0.0,0.0
11,104528.0,BI-372,STAHL Singapore,O,25.0,25.0,Auxiliary,"EFF art: Deco/Lux, Classic TT",,,75.0,16.0,0.0,COMPOUND,34.0,4.0,19.0,5.0
12,104797.0,BIANCO CONTEX ULTRA DOS,SAMIA,O,70.0,160.0,,,,,,,0.0,PIGMENT,10.0,0.0,0.0,0.0
13,105460.0,OXY FINE BIANCO RD,GSC,O,70.0,160.0,Pigmented,GSC pigment,12000.0,2023-07-01::6560.0|||2023-07-22::3200.0|||2023-08-19::2240.0,12320.0,657.0,802.658,PIGMENT,6900.0,1773.0,3242.0,3587.0
14,104743.0,ISOLAC BIANCO,SAMIA,O,70.0,10.0,Pigmented,,,,,,0.0,PIGMENT,0.0,0.0,0.0,0.0
15,105513.0,ISOLAC BIANCO N LP,SAMIA,O,70.0,10.0,Pigmented,"xai het khong mua nua, chuyen qua mua ""SHADE WHITE""",,,190.0,26.0,3.755,PIGMENT,16.0,0.0,7.0,4.0
16,105590.0,SHADE WHITE/EJ,GSC,O,70.0,10.0,,,,,,7.0,0.0,,,,0.0,0.0
17,104667.0,BINDER M-SM 118,GSC ITALY,O,80.0,1000.0,Binder,,,,,,0.0,,,,0.0,0.0
18,104778.0,BINDEX SR 150,GSC ITALY,O,80.0,1000.0,Binder,,,,,,0.0,,,,0.0,0.0
19,104756.0,BRITEX BLACK,SAMIA,O,70.0,30.0,Pigmented,pigment EFF water,,,660.0,44.0,1.065,COMPOUND,9.0,1.0,7.0,7.0
20,104807.0,BLU CONTEX T,SAMIA,O,70.0,120.0,,,,,,,0.0,PIGMENT,0.0,0.0,0.0,0.0
21,105473.0,OPERA BLU,GSC,O,70.0,120.0,Pigmented,GSC pigment=>NCC doi ten thanh (OXY FINE NERO BLU CO),1080.0,2023-08-19::1080.0,,98.0,53.286,PIGMENT,364.0,49.0,170.0,205.0
22,105185.0,OXY FINE NERO BLU,GSC,O,70.0,120.0,,GSC pigment (tên moi cua opera blu),,,720.0,,0.0,,,,0.0,0.0
23,104531.0,BLUE DHL,RINO MASTROTTO GROUP S.P.A,O,0.0,1.0,Pigmented,,,,,240.0,0.0,COMPOUND,1.0,0.0,0.0,0.0
24,105017.0,SAMIANIL CB BLEU RP,SAMIA,O,70.0,1.0,Pigmented,,,,19.0,,0.0,,,,0.0,0.0
25,104770.0,CONTEX BLUE MARINE,SAMIA,O,70.0,60.0,Pigmented,xai het khong mua nua,,,240.0,81.0,0.0,PIGMENT,1.0,0.0,12.0,19.0
26,105459.0,OXY CAR OCEAN BLUE HP,GSC,O,70.0,120.0,Pigmented,GSC pigment,,,1080.0,128.0,10.168,PIGMENT,57.0,2.0,32.0,38.0
27,104534.0,BORDEAUX DHL,SYN-BIOS,O,0.0,1.0,Pigmented,,,,,,0.0,COMPOUND,0.0,0.0,0.0,0.0
28,104757.0,BRITEX BROWN,SAMIA,O,70.0,30.0,Pigmented,pigment EFF water,,,1680.0,155.0,0.0,COMPOUND,1.0,0.0,0.0,0.0
29,104802.0,CONTEX BRUNO,SAMIA,O,70.0,160.0,Pigmented,,,,,,0.0,PIGMENT,2.0,0.0,0.0,0.0
30,105467.0,OPERA BRUNO DL,GSC,O,70.0,150.0,Pigmented,GSC pigment,,,2250.0,434.0,78.317,PIGMENT,693.0,236.0,274.0,297.0
31,104768.0,CONTEX BRUNO R,SAMIA,O,70.0,60.0,Pigmented,,,,,,0.0,PIGMENT,0.0,0.0,0.0,0.0
32,105457.0,OXY CAR MOGANO HP,GSC,O,70.0,120.0,Pigmented,GSC pigment,,,2400.0,111.0,66.968,PIGMENT,168.0,27.0,48.0,43.0
33,104798.0,CONTEX BRUNO V,SAMIA,O,70.0,160.0,Pigmented,,,,,,0.0,PIGMENT,0.0,0.0,0.0,0.0
34,105461.0,OXY CAR BROWN VIOLET HP,GSC,O,70.0,160.0,Pigmented,GSC pigment,1440.0,2023-07-01::1120.0|||2023-07-22::320.0,640.0,363.0,26.907,PIGMENT,800.0,67.0,316.0,334.0
35,105043.0,SAMIANIL CB BRUNO RP,SAMIA,O,70.0,25.0,Pigmented,"xai het khong mua nua, chuyen qua mua Sella derm Brown",,,,,0.0,PIGMENT,8.0,0.0,3.0,2.0
36,105546.0,SELLA DERM BROWN M2,TFL Italy,O,85.0,25.0,Pigmented,"pigment EFF nitro, KELA",,,50.0,49.0,0.549,COMPOUND,1.0,0.0,4.0,5.0
37,104748.0,ISOLAC BRUNO,SAMIA,O,70.0,10.0,Pigmented,"xai het khong mua, chuyen qua ""SHADE TAN""",,,130.0,17.0,2.515,PIGMENT,12.0,17.0,8.0,6.0
38,105591.0,SHADE TAN/EJ,GSC,O,70.0,10.0,,"pigment EFF nitro, KELA",,,,6.0,0.0,,,,0.0,0.0
39,104749.0,ISOLAC BRUNO  ROSSO,SAMIA,O,70.0,10.0,,"xai het khong mua, chuyen qua ""SHADE BROWN""",,,240.0,62.0,6.999,PIGMENT,41.0,17.0,27.0,29.0
40,105592.0,SHADE BROWN/EJ,GSC,O,70.0,10.0,Pigmented,"pigment EFF nitro, KELA",,,,9.0,0.0,,,,0.0,0.0
41,104538.0,BUTILGLICOLE,SAMCHEM,D,14.0,188.0,,,,,,,0.0,,,,0.0,0.0
42,105282.0,BUTYL CELLOSOLVE (BCS),SAMCHEM,D,14.0,188.0,Solvent,ve sinh kela,,,188.0,,0.0,,,,94.0,125.0
43,104689.0,CERANIL D 1188,SAMIA,O,65.0,1.0,Auxiliary,,,,,,0.0,,,,0.0,0.0
44,104786.0,CERA ST,GSC ITALY,O,80.0,50.0,Auxiliary,THUNDER art,,,,46.0,0.0,COMPOUND,0.0,0.0,1.0,0.0
45,105153.0,FYL WAX CERA ST,GSC ITALY,O,80.0,50.0,,THUNDER,,,,,0.0,,,,0.0,0.0
46,104541.0,CICLOESANONE *,Samchem,D,14.0,190.0,Solvent,EFF - FISS nitro,,,1330.0,138.0,202.188,COMPOUND,1039.0,460.0,874.0,901.0
47,104690.0,DC65,NG?C LAN,D,14.0,120.0,Solvent,"EFF water: GRETNA TT,HILLIARD TT, FLORIDA,JAVILLE TT",,,120.0,81.0,0.0,COMPOUND,2.0,0.0,3.0,5.0
48,104787.0,DERMATOP TP,GSC ITALY,O,80.0,50.0,Auxiliary,,,,,,0.0,,,,0.0,0.0
49,104773.0,TO-VI-97,GSC ITALY,O,80.0,110.0,Solvent,"Emulsione Light, NCC ?ã ??i tên thành (WASSERLAC 77 ACB)",,,,,0.0,,,,612.0,524.0
50,105179.0,WASSERLAC 77 ACB,GSC ITALY,O,80.0,110.0,Solvent,"Emulsione Light,Tên m?i c?a TO-VI-97",220.0,2023-08-19::220.0,1650.0,231.0,183.599,COMPOUND,722.0,185.0,178.0,356.0
51,104780.0,EUDERM MATT SN2,LANSESS,O,26.0,120.0,Auxiliary,to make the transfer article Hermes from Itumbiara to VN.,,,,,0.0,,,,5.0,9.0
52,104926.0,TOP 100 M,GSC ITALY,O,80.0,120.0,Auxiliary,NCC doi ten thanh (DERMATOP DULL S),,,,,0.0,,,,95.0,51.0
53,105176.0,DERMATOP DULL S,GSC ITALY,O,80.0,120.0,Auxiliary,ten moi TOP 100 M,240.0,2023-07-22::240.0,960.0,82.0,30.245,COMPOUND,330.0,52.0,42.0,84.0
54,104965.0,RODA LINK C/70,TFL,O,85.0,10.0,Auxiliary,cross linker,,,1250.0,250.0,71.032,COMPOUND,479.0,98.0,453.0,531.0
55,104939.0,AQUAFIX LUCID 555,GSC,O,70.0,120.0,,NCC da doi ten thanh (AQ SYSTEM 555 LUX),,,,,0.0,COMPOUND,6.0,0.0,143.0,0.0
56,105150.0,AQ SYSTEM 555 LUX,GSC,O,70.0,120.0,Binder,ten moi cua AQUAFIX LUCID 555,3720.0,2023-07-22::1800.0|||2023-08-19::1920.0,4920.0,825.0,440.0,COMPOUND,4094.0,572.0,2613.0,2273.0
57,105021.0,EXP AQUAFIX 1016,GSC,O,70.0,120.0,Binder,"TIP,BONO, VANILE,CAPE TOWN TIP,DAKOTA TIP / replace with 555",,,,,0.0,,,,0.0,0.0
58,105086.0,EX WT 43 051,STAHL Singapore,O,25.0,110.0,Binder,"Fis Baltimora,FISS art: ANGKOR,CAPITAL,TAMPA,FARO,ALINE K TT HP,GABLES,SAHARA, NOKOR, AZORES,MERO",9350.0,2023-07-09::1650.0|||2023-07-24::7700.0,,84.0,208.6,COMPOUND,1840.0,326.0,2588.0,2973.0
59,104555.0,FI-70-306,STAHL Singapore,O,25.0,55.0,Auxiliary,"FISS art: Vintage, EFF Deco/Lux, EFF Classic TT",,,990.0,73.0,17.25,COMPOUND,680.0,52.0,255.0,218.0
60,104512.0,Melio Wax AL-03,STAHL Singapore,O,23.0,60.0,,"WAX DECO&CLASSIC, FISS1 VINTAGE",,,,,0.0,,,,0.0,0.0
61,104805.0,CONTEX FUCHSIA,SAMIA,O,70.0,120.0,Pigmented,,,,,,0.0,PIGMENT,0.0,0.0,0.0,0.0
62,105462.0,OPERA RUBINO,GSC,O,70.0,120.0,Pigmented,GSC pigment,,,1440.0,109.0,2.044,PIGMENT,34.0,1.0,20.0,19.0
63,104803.0,GIALLO CONTEX ECP,SAMIA,O,70.0,120.0,,,,,,,0.0,PIGMENT,1.0,0.0,0.0,0.0
64,105468.0,OPERA GIALLO,GSC,O,70.0,120.0,Pigmented,GSC pigment,480.0,2023-08-19::480.0,2160.0,369.0,79.05,PIGMENT,975.0,78.0,420.0,441.0
65,104557.0,CONTEX GIALLO PK,SAMIA,O,70.0,60.0,Pigmented,,,,,,0.0,PIGMENT,0.0,0.0,0.0,0.0
66,105472.0,OPERA ARANCIO,GSC,O,70.0,120.0,Pigmented,GSC pigment,120.0,2023-08-19::120.0,360.0,167.0,43.541,PIGMENT,147.0,222.0,81.0,72.0
67,104745.0,ISOLAC GIALLO ORO,SAMIA,O,70.0,10.0,Pigmented,"xai het khong mua nua chuyen qua ""SHADE YELLOW""",,,280.0,45.0,15.728,PIGMENT,57.0,33.0,49.0,50.0
68,105593.0,SHADE YELLOW/EJ,GSC,,70.0,10.0,Pigmented,"pigment EFF nitro, KELA",,,,0.0,0.0,,,,0.0,0.0
69,105611.0,SHADE YELLOW CO/EJ,GSC,,70.0,10.0,,"pigment EFF nitro, KELA",,,,,0.0,,,,0.0,0.0
70,104766.0,BRITEX GREEN,SAMIA,O,70.0,1.0,Pigmented,,,,,,0.0,,,,0.0,0.0
71,104727.0,DILUENT NITRO GL,RIVERBANK,D,14.0,850.0,Solvent,"pha EFF, FISS nitro và v? sinh",,,9350.0,355.0,5277.572,COMPOUND,23027.0,7192.0,22168.0,23300.0
72,104564.0,HM-283,STAHL Singapore,O,20.0,1.0,Auxiliary,"TIPSHINE article: MALTA TIP, BY CAST TIP, ZANZI TIP",,,50.0,25.0,0.0,,,,0.0,0.0
73,100029.0,HM-183                   ,STAHL,O,80.0,1.0,,TIP BY MACHINE FOR BONO TT TIP,,,,15.0,0.0,,,,0.0,0.0
74,104563.0,HM-132,STAHL Singapore,O,23.0,22.5,Solvent,,,,,,0.0,COMPOUND,0.0,0.0,0.0,0.0
75,105205.0,HM-22-132,STAHL Singapore,O,25.0,25.0,Solvent,FISS nitro,,,75.0,20.0,13.33,COMPOUND,57.0,7.0,42.0,39.0
76,100322.0,ICALAC SB 200,ICAP,O,83.0,110.0,Solvent,"KELA mua nhieu len, de 2 thang mua mot lan",1650.0,2023-07-02::1650.0,2200.0,248.0,234.185,COMPOUND,1317.0,609.0,1027.0,1193.0
77,104938.0,COMPACT HP3,RECALAC,O,80.0,1000.0,Binder,compound,8000.0,2023-07-10::8000.0,56000.0,1422.0,2307.257,COMPOUND,26035.0,4529.0,10419.0,12884.0
78,104952.0,EX-RC -57-611/B,STAHL EUROPE BV,O,80.0,1000.0,,(DONE)-Stahl Germany have another 14ton in their stock.,,,,,0.0,COMPOUND,0.0,0.0,0.0,0.0
79,104867.0,BASEMASK 5000,SMIT FINISHING,O,70.0,120.0,Binder,"SOFT, MALTA, OVAR",3720.0,2023-07-10::3000.0|||2023-08-15::720.0,4200.0,600.0,764.284,COMPOUND,3535.0,1058.0,1859.0,2196.0
80,105321.0,BASEMUSK 5500,SMIT FINISHING,O,85.0,120.0,Binder,"Not, approved,PM.VIE.0021.19.A ,will be used in Mallorca article.",,,,,0.0,,,,0.0,0.0
81,104931.0,BINDER M-PR 400,GSC ITALY,O,80.0,1000.0,Binder,Compound,,,134000.0,1944.0,2586.783,COMPOUND,40256.0,9103.0,16410.0,13285.0
82,104932.0,BINDER W 212,GSC ITALY,O,80.0,1000.0,Binder,"Compound,NCC doi ten thanh (BINDER W 207)",,,,,0.0,,,,1347.0,0.0
83,105151.0,BINDER W 207,GSC ITALY,O,80.0,1000.0,Binder,ten moi BINDER W 212,4000.0,2023-07-01::4000.0,31000.0,841.0,1560.936,COMPOUND,18136.0,5854.0,4623.0,6416.0
84,104928.0,RODA BASE 5615,TFL,O,85.0,120.0,Binder,"FON or RIM article: AJAX TT, HERCULES TT,CAPRI,SAHARA KTT, RAVENNA,Maestro",34000.0,2023-06-29::1000.0|||2023-06-29::10000.0|||2023-07-17::18000.0|||2023-07-21::5000.0,31000.0,942.0,639.892,COMPOUND,4759.0,5577.0,2846.0,5189.0
85,104987.0,BUTIL DIGLYCOL,SAMCHEM,D,14.0,200.0,,,,,,,0.0,,,,0.0,0.0
86,105283.0,BUTYL CARBITOL (BC),SAMCHEM,D,14.0,200.0,Solvent,add on FISS water,,,,366.0,19.803,COMPOUND,150.0,35.0,121.0,131.0
87,104579.0,LAMOIL GS,UNICHEM,O,0.0,1.0,Auxiliary,,,,,,0.0,,,,0.0,0.0
88,104730.0,LAMSOFT SW16,UNICHEM,O,54.0,100.0,Auxiliary,replace with Roda Feel 768N,,,,,0.0,,,,0.0,0.0
89,105263.0,RODA FEEL 768/ N,TFL,O,85.0,30.0,Auxiliary,"Tato Milling art ELLINGTESSE K TT, add on FISS water",,,1320.0,77.0,0.754,COMPOUND,7.0,0.0,9.0,14.0
90,104696.0,LAMSOFT W 81,UNICHEM,O,54.0,100.0,Auxiliary,,,,,,0.0,,,,0.0,0.0
91,104709.0,LAMWAX 6,UNICHEM,O,54.0,120.0,,,,,,,0.0,,,,0.0,0.0
92,104806.0,CONTEX LEMON C,SAMIA,O,70.0,120.0,Pigmented,,,,,,0.0,PIGMENT,0.0,0.0,0.0,0.0
93,105469.0,OPERA LIMONE,GSC,O,70.0,120.0,Pigmented,GSC pigment,240.0,2023-07-22::240.0,1680.0,97.0,16.796,PIGMENT,473.0,50.0,237.0,193.0
94,104746.0,ISOLAC LEMON LP,SAMIA,O,70.0,10.0,Pigmented,"xai het khong mua, chuyen qua  SHADE LEMON",,,,4.0,0.0,PIGMENT,11.0,4.0,2.0,0.0
95,105594.0,SHADE LEMON/EJ,GSC,O,70.0,10.0,,"pigment EFF nitro, KELA",,,50.0,5.0,0.238,,,,6.0,10.0
96,104759.0,BRITEX LEMON ICE,SAMIA,O,70.0,1.0,Pigmented,,,,,,0.0,,,,0.0,0.0
97,104588.0,LS-8296,STAHL Singapore,O,23.0,100.0,Solvent,,,,,,0.0,COMPOUND,0.0,0.0,0.0,0.0
98,105353.0,LS-64-296 ,STAHL Europe,O,83.0,100.0,,THUNDER,,,100.0,,0.0,COMPOUND,0.0,0.0,0.0,0.0
99,104891.0,LS-64-256,STAHL Singapore,O,25.0,100.0,Solvent,"EMU, FIS 1,VINTAGE, EFF WILD",,,3200.0,50.0,139.51,COMPOUND,1959.0,142.0,935.0,958.0
100,104792.0,RODA LAC S 214,TFL,O,85.0,110.0,Solvent,,,,,,0.0,,,,0.0,0.0
101,105310.0,RODA LAC S 214/N,TFL,O,85.0,110.0,Solvent,"EF+FISS NITRO, SIENA",,,12540.0,381.0,760.528,COMPOUND,3949.0,1910.0,3224.0,3446.0
102,104729.0,TRUMP FINISH 6311,ISELLO,O,75.0,45.0,Solvent,,,,855.0,28.0,0.0,COMPOUND,64.0,9.0,33.0,26.0
103,105016.0,SU-2960,STAHL Netherlands,O,105.0,100.0,,,,,,,0.0,,,,0.0,0.0
104,104937.0,MELIO AQUABASE W-MN,STAHL Singapore,O,25.0,70.0,Binder,STUCCO BY HAND,,,630.0,76.0,118.4,,,,453.0,467.0
105,104601.0,METALIC SILVER - NHU BAC,Vina Hào D??ng,D,14.0,1.0,,,,,3.0,2.0,0.0,COMPOUND,0.0,0.0,0.0,0.0
106,104680.0,MEK-CLEANING SOLVENT,RIVERBANK,D,14.0,165.0,Solvent,FISS nitro,,,,226.0,38.38,COMPOUND,226.0,27.0,213.0,176.0
107,104676.0,MELIO PROMUL AP-39 A,STAHL Singapore,O,25.0,120.0,Binder,,,,6720.0,584.0,201.177,COMPOUND,2556.0,503.0,1239.0,1154.0
108,104961.0,RODA PUR 65,TFL,O,85.0,1000.0,Binder,xai het chuyen qua ASTACIN FINISH PUMN TF,,,,,0.0,,,,1007.0,1374.0
109,105505.0,ASTACIN FINISH PUMN TF,STAHL Singapore,O,28.0,120.0,Binder,xai het PUR 65 chuyen qua xai TF Singapore,,,12200.0,532.0,584.675,COMPOUND,6308.0,1967.0,1746.0,1353.0
110,104960.0,RODA LINK 5504/N,TFL,O,85.0,10.0,Auxiliary,cross linker,1300.0,2023-06-29::1300.0,3460.0,388.0,158.94,COMPOUND,1700.0,468.0,763.0,825.0
111,104675.0,MELIO 09-R-179,STAHL,O,83.0,10.0,Auxiliary,same as Rodalink 5504,,,,,0.0,,,,0.0,0.0
112,105159.0,RETICOLANTE 05,ORCHID CHEM (NG?C LAN),D,0.0,10.0,,,,,,,0.0,,,,0.0,0.0
113,105157.0,HARDNER UR 26,ORCHID CHEM (NG?C LAN),D,0.0,10.0,,,,,,,0.0,,,,0.0,0.0
114,104734.0,TOUCHMILL C/FAT,GSC ITALY,O,80.0,1000.0,Auxiliary,OLIO,,,,156.0,0.0,,,,0.0,0.0
115,104643.0,TOUCHMILL C/LDM (EX MILLITER C/LDM),GSC ITALY,O,80.0,1000.0,Auxiliary,Will flush out and stop,,,,,0.0,,,,0.0,0.0
116,104644.0,TOUCHMILL C/LDS (EX MILLITER C/LDS),GSC ITALY,O,80.0,1000.0,Auxiliary,"MILLING MEKONG, CAPITAL,Express,Datanla, PUCCINI",,,840.0,119.0,16.238,COMPOUND,68.0,17.0,50.0,52.0
117,104645.0,TOUCHMILL C/W8 (EX MILLITER C/W8),GSC ITALY,O,80.0,120.0,Auxiliary,"MILLING CAPITAL,BOWIE",2400.0,2023-08-19::2400.0,1680.0,123.0,47.65,COMPOUND,257.0,19.0,150.0,214.0
118,104799.0,NERO CONTEX M,SAMIA,O,70.0,120.0,,"can replace by PP Stahl 19215, PP 11315)",,,,,0.0,PIGMENT,2.0,0.0,0.0,0.0
119,105464.0,OPERA NERO FR,GSC,O,70.0,120.0,Pigmented,GSC pigment (nhà CC ?ã ??i tên thành oxy fine nerro fr),,,,14.0,2.606,PIGMENT,1.0,0.0,858.0,644.0
120,105180.0,OXY FINE NERO FR,GSC,O,70.0,120.0,Pigmented,GSC pigment (tên m?i c?a opera nero),,,10080.0,389.0,211.779,PIGMENT,2206.0,761.0,333.0,667.0
121,104754.0,ISOLAC NERO,SAMIA,O,70.0,10.0,Pigmented,,,,660.0,65.0,17.073,PIGMENT,178.0,92.0,142.0,141.0
122,105595.0,SHADE BLACK/EJ,GSC,O,70.0,10.0,Pigmented,,,,5.0,24.0,0.0,,,,0.0,0.0
123,104914.0,SAMIACEL LACCA 793,SAMIA,O,70.0,50.0,Solvent,"FISS BOWIE (MANWAH), EFF ELLING TON+VISEU K TT LUX",,,,,0.0,,,,0.0,0.0
124,105533.0,SAMIACEL LACCA 793 ET,SAMIA,O,70.0,50.0,Solvent,"FISS BOWIE (MANWAH), EFF ELLING TON+VISEU K TT LUX",,,1200.0,220.0,266.29,COMPOUND,516.0,47.0,400.0,472.0
125,104915.0,SAMIACEL OPACO 813,SAMIA,O,70.0,50.0,Solvent,,,,,,0.0,COMPOUND,2.0,0.0,0.0,0.0
126,105515.0,SAMIACEL OPACO 813 ET,SAMIA,O,70.0,50.0,Solvent,"FISS nitro, SIENA, Maestro",,,5600.0,116.0,186.338,COMPOUND,1379.0,112.0,797.0,751.0
127,104966.0,SMITFIX M 9556,SMIT FINISHING,O,85.0,110.0,Binder,,,,,,0.0,COMPOUND,0.0,0.0,0.0,0.0
128,104964.0,RODA FIX 6271/B,TFL,O,85.0,1000.0,Binder,fiss water mau trang,,,3700.0,1910.0,54.3,,,,706.0,881.0
129,105410.0,EX-WT-35-711,STAHL Singapore,O,25.0,120.0,Binder,xai FISS water ,7800.0,2023-07-30::7800.0,5040.0,709.0,984.966,COMPOUND,7245.0,2035.0,5484.0,5275.0
130,104708.0,NOVA M 16/NF,UNICHEM,O,54.0,120.0,Binder,,,,,,0.0,COMPOUND,0.0,0.0,0.0,0.0
131,104973.0,TFIX M 9562,SMIT FINISHING,O,70.0,120.0,Binder,"Tên art. Có TIP : BRAZOS MANWAH, TIP,BONO TIP, VANILE TIP,CAPE TOWN TIP,DAKOTA TIP,ASPEN,EMO TIP,ROSSINI TT TIP,TSING,XANTUM",,,5520.0,184.0,435.6,COMPOUND,296.0,23.0,501.0,778.0
132,104812.0,NOVA NT/L NF,UNICHEM,O,54.0,120.0,Binder,,,,,,0.0,,,,0.0,0.0
133,104824.0,NOVOLAC 750,RECALAC,O,70.0,1000.0,Binder,EMU DARK,,,11000.0,915.0,649.511,COMPOUND,2995.0,1354.0,5098.0,3788.0
134,105376.0,TOPCELL VOC FREE,Tanquimica BRazil,O,76.0,1000.0,Binder,EMUL: ASIAMA and MANWAH,4000.0,2023-07-16::4000.0,4000.0,3780.0,467.5,COMPOUND,3900.0,855.0,1309.0,2498.0
135,105223.0,EXP AQ SYSTEM EF 91/8,GSC,O,70.0,120.0,Binder,"EFFETTO water: BONO TT TIP,HP, BRAZOS,VINCI, MALLORCA,BENTON,ANGKOR,RAIDER,GABLES,ROSSINI TT TIP",3240.0,2023-07-01::120.0|||2023-07-22::2400.0|||2023-08-19::720.0,2640.0,653.0,138.448,COMPOUND,2320.0,351.0,2191.0,2350.0
136,105170.0,AQ SYSTEM EF 91/8,,,,,,,,,,,0.0,,,,0.0,0.0
137,104758.0,BRITEX ORANGE,SAMIA,O,70.0,1.0,Pigmented,,,,,,0.0,,,,0.0,0.0
138,104800.0,OCRA CONTEX,SAMIA,O,70.0,160.0,,,,,,,0.0,PIGMENT,6.0,0.0,0.0,0.0
139,105465.0,OPERA OCRA DL,GSC,O,70.0,150.0,Pigmented,GSC project,8700.0,2023-07-01::5250.0|||2023-07-22::750.0|||2023-08-19::2700.0,6600.0,668.0,431.074,PIGMENT,4150.0,1563.0,2004.0,2264.0
140,104747.0,ISOLAC  OCRA ,SAMIA,O,70.0,10.0,,"xài h?t không mua n?a, chuy?n qua mua ""SHADE CARAMEL""",,,90.0,57.0,5.964,PIGMENT,22.0,1.0,22.0,21.0
141,105596.0,SHADE CARAMEL/EJ,GSC,O,70.0,10.0,,"pigment EFF nitro, KELA",,,,5.0,0.0,,,,0.0,0.0
142,104929.0,RODA BASE RECO 8,TFL,O,85.0,115.0,Binder,PRE,8740.0,2023-06-29::8740.0,6440.0,248.0,832.51,COMPOUND,5421.0,1645.0,3781.0,3216.0
143,104963.0,RODA CARE NL,TFL,O,85.0,115.0,Binder,"PRE  art: BOWIE,Ellington, TORONTO TAB,CAPITAL,OVAR,Maestro",9545.0,2023-07-21::2530.0|||NaT::7015.0,115.0,25.0,129.8,COMPOUND,2563.0,1948.0,1775.0,2364.0
144,104728.0,PRIMEX UD 32,GSC ITALY,O,80.0,120.0,Binder,,,,,,0.0,,,,0.0,0.0
145,104761.0,BRITEX RED,SAMIA,O,70.0,1.0,Pigmented,,,,,,0.0,COMPOUND,0.0,0.0,0.0,0.0
146,104624.0,RODA CRYL 137,TFL,O,85.0,120.0,Binder,"RIM+EF HERCULES TT, AJAX TT /RIM+FISS toronto tab /EFF+FISS Bavaria,….",,,600.0,131.0,36.48,COMPOUND,120.0,38.0,89.0,92.0
147,104625.0,RODA FEEL S 930,TFL,O,85.0,22.0,Auxiliary,add on FISS nitro,,,506.0,10.0,6.985,COMPOUND,130.0,17.0,68.0,64.0
148,104801.0,ROSSO CONTEX CO,SAMIA,O,70.0,120.0,,,,,,,0.0,PIGMENT,0.0,0.0,0.0,0.0
149,105466.0,OPERA ROSSO DL,GSC,O,70.0,120.0,Pigmented,GSC pigment,,,1080.0,164.0,3.235,PIGMENT,190.0,10.0,63.0,57.0
150,105042.0,SAMIANIL CB ROSSO RP,SAMIA,O,70.0,25.0,Pigmented,"xài h?t không mua n?a, chuy?n qua xài ch?t có tên ??u là ""Sella …."" bên TFL",,,30.0,8.0,0.024,PIGMENT,2.0,0.0,1.0,1.0
151,104750.0,ISOLAC  ROSSO ,SAMIA,O,70.0,10.0,,"xài h?t không mua n?a, chuy?n qua mua ""SHADE RED""",,,160.0,39.0,1.06,PIGMENT,12.0,1.0,11.0,15.0
152,105597.0,SHADE RED/EJ,GSC,O,70.0,10.0,,"pigment EFF nitro, KELA",,,,4.0,0.0,,,,0.0,0.0
153,105018.0,SAMIANIL CB ROSSO VIVO RP,SAMIA,O,70.0,1.0,Pigmented,,,,,,0.0,,,,0.0,0.0
154,104673.0,SE W 11 CONC,FENICE,O,64.0,30.0,Auxiliary,"Millipunte BRAZOS, TORONTO TIP, Bycast Tip, Malta Tip",,,1400.0,33.0,0.0,COMPOUND,22.0,3.0,1.0,1.0
155,104703.0,SMITFIX G 9058,SMIT FINISHING,O,70.0,120.0,Binder,Millipunte HAWAII TIP,,,,96.0,2.15,COMPOUND,17.0,11.0,3.0,4.0
156,104672.0,MP1,RIVERBANK,D,14.0,190.0,Solvent,pha màu và v? sinh,,,2090.0,1543.0,977.571,COMPOUND,3769.0,307.0,4283.0,4069.0
157,105161.0,PM1–CLEANING,SAMCHEM,D,14.0,190.0,Solvent,,,,,,0.0,,,,0.0,0.0
158,105094.0,ACETONE *,AN V?NH PHÁT,D,14.0,160.0,,,,,,,0.0,,,,0.0,0.0
159,105114.0,SODA CASTIC,Nam Bình,D,14.0,25.0,Auxiliary,Maintenance,,,,,150.0,,,,79.0,108.0
160,104642.0,TOLUENE,RIVERBANK,D,14.0,179.0,Solvent, Fiss Deco&lux,,,179.0,71.0,0.46,COMPOUND,16.0,2.0,9.0,4.0
161,104691.0,TOUCHMILL C/WS,GSC ITALY,O,80.0,1000.0,Auxiliary,"MILLING CAPITAL,mekong, express, Datanla,PUCCINI",,,840.0,102.0,32.475,COMPOUND,136.0,34.0,99.0,105.0
162,104808.0,TURCHESE CONTEX T,SAMIA,O,70.0,60.0,,,,,,,0.0,PIGMENT,0.0,0.0,0.0,0.0
163,105470.0,OPERA TURCHESE,GSC,O,70.0,120.0,Pigmented,NCC ?ã ??i tên thành (OXY FINE TURCHESE),,,240.0,109.0,29.378,PIGMENT,196.0,76.0,84.0,80.0
164,105187.0,OXY FINE TURCHESE,GSC,O,70.0,120.0,Pigmented,GSC pigmnet,,,480.0,,0.0,,,,0.0,0.0
165,104753.0,ISOLAC TURCHESE,SAMIA,O,70.0,10.0,Pigmented,"xài h?t không mua n?a, chuy?n qua mua ""SHADE BLU""",,,140.0,44.0,2.344,PIGMENT,33.0,7.0,22.0,18.0
166,105598.0,SHADE BLU/EJ,GSC,O,70.0,10.0,Pigmented,"pigment EFF nitro, KELA",,,,6.0,0.0,,,,0.0,0.0
167,104765.0,BRITEX TURQUOISE,SAMIA,O,70.0,1.0,Pigmented,,,,,,0.0,,,,0.0,0.0
168,104913.0,LS 16-235,STAHL Singapore,O,23.0,170.0,Solvent,,,,,,0.0,,,,0.0,0.0
169,105326.0,SU 16-235,STALH Singapore,O,23.0,180.0,,,,,,,0.0,COMPOUND,0.0,0.0,0.0,0.0
170,105165.0,LS-76-235,STALH Brazil,O,23.0,170.0,Solvent,,,,,,0.0,COMPOUND,0.0,0.0,0.0,0.0
171,105336.0,EX-SU-76-235,STALH Singapore,O,25.0,180.0,Solvent,"EFF, FISS nitro",,,2160.0,173.0,247.954,COMPOUND,1451.0,511.0,1241.0,1243.0
172,104771.0,CONTEX VERDE,SAMIA,O,70.0,60.0,Pigmented,,,,,,0.0,PIGMENT,0.0,0.0,0.0,0.0
173,105463.0,OPERA VERDE,GSC,O,70.0,120.0,Pigmented,GSC pigment,,,720.0,117.0,25.491,PIGMENT,121.0,96.0,63.0,76.0
174,105188.0,OXY FINE VERDE,GSC,O,70.0,120.0,,GSC project,,,,,0.0,,,,0.0,0.0
175,104809.0,VIOLETTO CONTEX R,SAMIA,O,70.0,60.0,,,,,,,0.0,PIGMENT,1.0,0.0,0.0,0.0
176,105471.0,OPERA PORPORA,GSC,O,70.0,120.0,Pigmented,GSC pigment,,,1920.0,172.0,5.45,PIGMENT,83.0,10.0,33.0,35.0
177,105475.0,OXY FINE VIOLETTO,GSC,O,70.0,120.0,Pigmented,GSC pigment,,,3240.0,116.0,1.259,PIGMENT,37.0,17.0,40.0,37.0
178,105474.0,OXY CAR BORDEAUX HP,GSC,O,70.0,120.0,Pigmented,GSC pigment,,,1320.0,164.0,4.443,PIGMENT,82.0,7.0,15.0,20.0
179,104752.0,ISOLAC VIOLETTO,SAMIA,O,70.0,10.0,Pigmented,"xài h?t không mua n?a, chuy?n qua mua ""SHADE VIOLET""",,,270.0,77.0,8.984,PIGMENT,66.0,16.0,59.0,62.0
180,105599.0,SHADE VIOLET/EJ,GSC,O,70.0,10.0,Pigmented,"pigment EFF nitro, KELA",,,,9.0,0.0,,,,0.0,0.0
181,104655.0,WT-13-351 (EX-64-170/3),STAHL,O,0.0,120.0,Binder,CLASSIC,,,,,0.0,,,,0.0,0.0
182,104873.0,EX-WT-42-511,STAHL Singapore,O,25.0,110.0,Binder,"FISS art CALIFORNIA, CADENZA",,,110.0,214.0,2.15,COMPOUND,153.0,20.0,46.0,16.0
183,104923.0,TOP RT 10,GSC GROUP S.P.A,O,70.0,10.0,Auxiliary,NCC ?ã ??i tên thành (CRX RT CONC),,,,10.0,2.51,COMPOUND,0.0,0.0,52.0,20.0
184,105177.0,CRX RT CONC,GSC GROUP S.P.A,O,70.0,10.0,,tên m?i c?a TOP RT 10,,,250.0,77.0,8.975,COMPOUND,87.0,21.0,21.0,41.0
185,105411.0,XR-2514,STAHL,O,70.0,1.0,Auxiliary,anti allergic to replaceTop RT-10 ,,,,,0.0,,,,0.0,0.0
186,104767.0,CONTEX ZITRON,SAMIA,O,70.0,60.0,Pigmented,,,,,,0.0,PIGMENT,0.0,0.0,0.0,0.0
187,105455.0,OXY CAR CITRON HP,GSC,O,70.0,150.0,Pigmented,GSC pigment,,,1050.0,94.0,21.735,PIGMENT,162.0,5.0,57.0,62.0
188,104819.0,CORAM T YELLOW,Orchid Chem,D,14.0,10.0,Pigmented,Replacement for GIALLO R+L DHL 240Kg/month,,,,,0.0,COMPOUND,7.0,0.0,0.0,0.0
189,85447.0,CA 3303,Orchid Chem,D,14.0,25.0,,Replacement for CORAM T YELLOW ,,,,,,,,,,
190,105554.0,RODA LAC ON 3050-N3,TFL,O,85.0,20.0,Solvent,"FISS art SIENA, ARTIC,Maestro",,,580.0,12.0,4.29,COMPOUND,10.0,0.0,12.0,13.0
191,104842.0,RODA CARE NC,,O,0.0,1.0,Binder,,,,,,0.0,,,,0.0,0.0
192,104854.0,RODA PUR K 312,TFL,O,85.0,120.0,Solvent,,,,,,0.0,COMPOUND,0.0,0.0,0.0,0.0
193,105550.0,RODA PUR K 312/F,TFL,O,85.0,120.0,Solvent,"SIENA, THUNDER, EF GABLES K TT,AGG KARAT K TT,EF OCALA K TT",,,1680.0,33.0,28.296,COMPOUND,89.0,0.0,137.0,73.0
194,104810.0,CONTEX ROSSO HTR-CO,SAMIA,O,70.0,60.0,Pigmented,,,,,,0.0,PIGMENT,0.0,0.0,0.0,0.0
195,105476.0,OPERA VINACCIA,GSC,O,70.0,120.0,Pigmented,GSC pigment,240.0,2023-07-22::120.0|||2023-08-19::120.0,360.0,139.0,16.045,PIGMENT,257.0,65.0,115.0,127.0
196,104858.0,ISO PROPYLIC ALCOHOL,RIVERBANK,D,14.0,160.0,Solvent,"DYECOAT-BUENA, Fleshside",,,320.0,240.0,90.694,COMPOUND,243.0,144.0,309.0,325.0
197,104983.0,RECAPUR FIX TVN3,,O,0.0,1.0,,,,,,,0.0,,,,0.0,0.0
198,100413.0,MELIO FOAM AX-03,STAHL Singapore,O,25.0,50.0,Auxiliary,add on FONDO FOAM,,,500.0,64.0,34.399,COMPOUND,308.0,66.0,138.0,147.0
199,104877.0,CRX S 75 / NT,GSC ITALY,O,80.0,10.0,Auxiliary,cross linker,900.0,2023-07-01::400.0|||2023-07-22::400.0|||2023-08-19::100.0,90.0,173.0,72.165,COMPOUND,419.0,70.0,331.0,320.0
200,105256.0,XR-5525,STAHL Singapore,O,70.0,5.0,Auxiliary,,,,,,0.0,,,,0.0,0.0
201,105659.0,EX-XR-55-250 ,STAHL Singapore,O,70.0,5.0,,cross linker,,,30.0,24.0,0.0,COMPOUND,13.0,3.0,3.0,3.0
202,104662.0,ANTISCHIUMA ANZ 130,MAGNABOSCO,O,70.0,1000.0,Auxiliary,,,,,,0.0,,,,0.0,0.0
203,104390.0,SUPRONIL HK BLACK AS,STAHL Germany,O,80.0,30.0,Pigmented,(Daniele)we can replace  with the new ones,,,,,0.0,COMPOUND,0.0,0.0,0.0,0.0
204,105045.0,SAMIANIL CB NERO RP,SAMIA,O,70.0,1.0,Pigmented,This chemical will be applied on leather flesh side to use color that is in stock for long time (green,,,300.0,30.0,0.52,PIGMENT,13.0,1.0,9.0,6.0
205,105124.0,SUPRONIL BLACK LD-5915,STAHL Germany,O,80.0,1.0,Pigmented,,,,,,0.0,,,,0.0,0.0
206,104962.0,RODA LEVELLER B-LM,TFL,O,85.0,120.0,Solvent,add on FISS water,,,240.0,108.0,22.241,COMPOUND,110.0,41.0,119.0,131.0
207,104902.0,SAMIACEL MACCHIA 3338,SAMIA,O,70.0,50.0,Solvent,,,,,,0.0,,,,0.0,0.0
208,105534.0,SAMIACEL MACCHIA 3338 ET,SAMIA,O,70.0,50.0,Solvent,KELA,650.0,2023-07-01::300.0|||2023-07-22::350.0,300.0,174.0,36.764,COMPOUND,264.0,10.0,259.0,257.0
209,104882.0,SMITFIX RL 9492,SMIT FINISHING,O,85.0,120.0,Binder,MALDONADO  LUX,,,,,0.0,,,,0.0,0.0
210,104497.0,RODA WAX KCF 638,-,O,0.0,1.0,Auxiliary,,,,,,0.0,COMPOUND,0.0,0.0,0.0,0.0
211,104946.0,RODA KCF 684,TFL LEDERTECHNIK GMBH,O,85.0,120.0,,"KARMA/TUNDRA, THUNDER",,,,217.0,0.0,COMPOUND,0.0,0.0,0.0,0.0
212,105402.0,ICALAC SB1 MATT,ICAP,O,83.0,23.0,Solvent,"FISS Ellington, BENFICA, CARUSO,VISEU",,,1495.0,38.0,32.6,,,,58.0,64.0
213,104572.0,ICALAC SB 215,ICAP,O,83.0,110.0,Solvent,"FISS Ellington, BENFICA, CARUSO,VISEU",,,2200.0,246.0,126.65,COMPOUND,314.0,38.0,281.0,324.0
214,105084.0,GEALUX QT,Getti Brazil ,O,68.0,120.0,Auxiliary,"TATO Milling  Ellington, BENFICA, CARUSO",,,700.0,190.0,31.8,COMPOUND,70.0,10.0,58.0,81.0
215,104842.0,RODA CARE NC,-,O,0.0,1.0,Binder,,,,,,0.0,,,,0.0,0.0
216,104846.0,RODA FEEL N 4,TFL,O,85.0,60.0,Auxiliary,"Fiss Baltimora, Tatto Milling ",720.0,2023-06-29::300.0|||NaT::420.0,2880.0,106.0,261.7,COMPOUND,1287.0,548.0,950.0,1127.0
217,104847.0,RODA FEEL S 2081,TFL,O,85.0,25.0,Auxiliary, FISS water & nitro (1 s? article),,,250.0,68.0,1.4,COMPOUND,49.0,4.0,25.0,34.0
218,100047.0, Rosilk 2229 Feel Modifier,TFL Brazil,O,85.0,25.0,,backup for RODA FEEL S 2081,,,,,0.0,,,,0.0,0.0
219,104852.0,RU 74-987,STAHL Singapore,O,80.0,110.0,Binder,,,,,,0.0,,,,0.0,0.0
220,104870.0,WT-48-459,-,O,0.0,1.0,,,,,,,0.0,,,,0.0,0.0
221,104900.0,NOVA EXP 2052/NF,-,O,0.0,1.0,,,,,,,0.0,,,,0.0,0.0
222,104905.0,FOAM A 10,-,O,0.0,100.0,,,,,,,0.0,,,,0.0,0.0
223,104911.0,ISOLAC FINISH 2081,-,O,0.0,50.0,Solvent,,,,,,0.0,,,,0.0,0.0
224,105020.0,BASEMASK 5755/T2,SMIT FINISHING S.P.A,O,70.0,40.0,Binder,ch?y BASEMASK,1320.0,2023-07-10::680.0|||2023-08-15::640.0,720.0,340.0,240.0,,,,670.0,648.0
225,105027.0,RODA TEC AW,TFL,O,85.0,120.0,Auxiliary,"Fiss Baltimora (art ALINE K TT, BALI….)",840.0,2023-07-21::840.0,3720.0,171.0,262.15,COMPOUND,1385.0,629.0,1127.0,1247.0
226,105025.0,RODA BASE AF-B,TFL,O,85.0,120.0,Binder,"RIM HERCULES,FON CAPRI",,,,,0.0,,,,0.0,0.0
227,105559.0,RODA BASE AF-B/N,TFL,O,85.0,120.0,Binder,"RIM  AJAX TT,HERCULES,FON CAPRI",,,960.0,121.0,9.468,COMPOUND,265.0,244.0,117.0,184.0
228,105026.0,RODA FIX 6271/C,TFL,O,85.0,120.0,Binder,,,,,,0.0,,,,0.0,0.0
229,101261.0,EUDERM NAPPA SOFT S2-A,TFL Italy,O,85.0,115.0,,"Bowie/Viseu / Ellington lux TT & K TT,MALTESSE, VENEZA LUX",2070.0,2023-06-29::1150.0|||2023-07-21::920.0,2345.0,65.0,289.42,COMPOUND,1037.0,101.0,600.0,656.0
230,100041.0,PRIMAL SB-100,LANXESS,O,25.0,120.0,Binder,"Bowie / Ellington lux TT & K TT,TAB,MALTESSE",,,,,0.0,,,,0.0,0.0
231,105614.0,PRIMAL LH-100,LANXESS,O,25.0,120.0,,"Bowie / Ellington lux TT & K TT,TAB,MALTESSE",,,,,0.0,,,,0.0,0.0
232,105655.0,PRIMAL LH 500 ,TFL Brazil,O,85.0,1000.0,,"Bowie/Viseu / Ellington lux TT & K TT,MALTESSE, VENEZA LUX",2000.0,2023-07-19::2000.0,8000.0,291.0,664.684,COMPOUND,2377.0,240.0,1377.0,1494.0
233,104221.0,PRIMAL SB-150,LANXESS,O,25.0,120.0,Binder,"PRE HERCULES,Bowie / Ellington lux TT & K TT, TAB,MALTESSE",,,,,0.0,,,,0.0,0.0
234,105615.0,PRIMAL LH-150,LANXESS,O,25.0,120.0,,"Bowie / Ellington lux TT & K TT, TAB,MALTESSE",,,,,0.0,,,,0.0,0.0
235,105656.0,PRIMAL LH 550,TFL Brazil,O,85.0,1000.0,Binder,"PRE HERCULES, AJAX TT,Bowie/Viseu / Ellington lux TT & K TT, TAB,MALTESSE, GOBIEW, VENEZA LUX",,,7000.0,480.0,352.884,COMPOUND,1369.0,260.0,856.0,892.0
236,105008.0,BINDER M-RI 99,GSC GROUP S.P.A,O,70.0,120.0,Binder,"RIM (white color), EF HERCULES,  AJAX TT, EFF BONO TT TIP,TORONTO TAB)",22200.0,2023-07-22::10200.0|||2023-08-19::12000.0,240.0,935.0,414.26,COMPOUND,2348.0,353.0,1711.0,2202.0
237,104959.0,EX-LS-64-468,STAHL Singapore,O,25.0,25.0,Solvent,BUY MORE 225,,,400.0,70.0,3.0,COMPOUND,0.0,0.0,108.0,67.0
238,104706.0,AQUABASE HF LIQ,STAHL Germany,O,80.0,90.0,Binder,,,,,,0.0,,,,0.0,0.0
239,105127.0,BIOTHANE UW 6522,ORCHID CHEM (NG?C LAN),D,14.0,120.0,Auxiliary,Tipshine,,,,,0.0,,,,0.0,0.0
240,105167.0,Aquabase HP ,Stahl ,O,70.0,75.0,,"STUCCO BY GEMATA=> xài h?t không mua n?a, chuy?n qua xài RODA CARE 5754",,,,,0.0,,,,0.0,0.0
241,105658.0,AQUABASE UPH,Stahl ,O,70.0,75.0,Binder,STUCCO BY GEMATA=> check stock RODA CARE 5754 và check l?i v?i Technician ??i qua AQUABASE UPH (n?u ??i thì báo Singapore tr??c 3 tháng ?? keep stock và mua t?i Singapore),,,,,0.0,,,,0.0,0.0
242,104910.0,RODA CARE 5754,TFL,O,85.0,100.0,Binder,STUCCO BY GEMATA=> check stock và check l?i v?i Technician ??i qua AQUABASE UPH (n?u ??i thì báo Singapore tr??c 3 tháng ?? keep stock và mua t?i Singapore),12500.0,2023-07-17::1000.0|||2023-07-21::5500.0|||NaT::6000.0,3500.0,1012.0,788.0,,,,5089.0,5638.0
243,105218.0,FOUNDER ROLLER 2515 ,SAMIA,O,80.0,40.0,,,,,,,0.0,,,,0.0,0.0
244,105126.0,ANTIFOAM NS-165,Vina Hào D??ng,D,14.0,25.0,Auxiliary,"add on FISS water, Basemask 5755",,,50.0,50.0,0.37,COMPOUND,5.0,1.0,18.0,32.0
245,105173.0,SMITFIX G 9631,SMIT FINISHING S.P.A,O,70.0,120.0,Binder,"Tên article có TIP : ROSSINI TT TIP,BRAZOS,SAPPA,PASKOA, BY CAST TIP,TORONTO TIP, ROCKPOINT TIP,EMO TIP,TSING,XANTUM",,,12000.0,414.0,47.5,COMPOUND,330.0,17.0,542.0,857.0
246,105175.0,SMITFIX G 9633,SMIT FINISHING S.P.A,O,70.0,120.0,Binder,"Tên Article có TIP,  TIPSHINE BY HAND & MILLIPUNTE",,,8160.0,210.0,0.0,COMPOUND,144.0,10.0,41.0,45.0
247,105600.0,EX-WT-35-703,STAHL Germany,O,83.0,120.0,Binder,FISS ANKUR K TT,,,600.0,122.0,0.0,COMPOUND,33.0,0.0,78.0,24.0
248,105080.0,RODA CARE HB,TFL,O,85.0,100.0,Binder,PRE HERCULES,,,,,0.0,,,,0.0,0.0
249,105516.0,RODA CARE HB-B,TFL,O,85.0,100.0,Binder,"PRE HERCULES, AJAX TT",,,1200.0,76.0,23.5,COMPOUND,194.0,182.0,156.0,249.0
250,105255.0,MA-22-617,STAHL Spain,O,71.0,25.0,Binder,"EF HERCULES, AJAX TT",,,700.0,27.0,10.245,COMPOUND,9.0,8.0,13.0,20.0
251,105393.0,RODA FEEL KTA 950,TFL,O,85.0,25.0,Auxiliary,"FIS HERCULES, AJAX TT, FLESH SIDE , Tatto Milling",,,1100.0,130.0,17.33,COMPOUND,304.0,76.0,119.0,126.0
252,105012.0,RODA FEEL KTA 950 BR ,TFL,O,85.0,30.0,,"FIS HERCULES, KELA FLESH SIDE BONO TT TIP",,,,,0.0,,,,0.0,0.0
253,105203.0,RODA FIX 6306,TFL Brazil,O,85.0,200.0,Binder,"FIS HERCULES, AJAX TT",,,400.0,175.0,84.63,COMPOUND,110.0,94.0,230.0,390.0
254,105059.0,RODA FEEL S 2075-BR,TFL,O,85.0,10.0,Auxiliary,"ch?t này gi?ng RODA FEEL S 2075 , MILLING HERCULES, AJAX TT",,,40.0,,0.0,COMPOUND,4.0,3.0,0.0,0.0
255,104949.0,RODA BASE RECO 3,TFL,O,85.0,120.0,Binder,"PRE-CAPRI, ANKUR K TT",,,240.0,195.0,0.0,COMPOUND,26.0,0.0,26.0,39.0
256,105349.0,RODA FEEL S 2075,TFL,O,85.0,120.0,Auxiliary,"ch?t này gi?ng RODA FEEL S 2075-BR , MILLING HERCULES, AJAX TT",,,150.0,8.0,1.65,,,,2.0,2.0
257,104951.0,SMITFIX RL 9549,SMIT FINISHING S.P.A,O,83.0,120.0,Binder,July08-Alan:Place an order for 360kg 9549 ASAP-cancel,,,,,0.0,,,,0.0,0.0
258,105492.0,SELLA DERM YELLOW M2,TFL,O,85.0,25.0,Pigmented,"pigment SIENA, EF WATER",,,75.0,5.0,1.452,COMPOUND,5.0,0.0,9.0,9.0
259,104978.0,DARKWAX 6G,GSC,O,70.0,120.0,Auxiliary,THUNDER,,,240.0,120.0,0.0,COMPOUND,0.0,0.0,0.0,0.0
260,105158.0,FYL WAX 6G,GSC,O,70.0,120.0,,THUNDER,,,,,0.0,,,,0.0,0.0
261,105547.0,SELLA DERM LIGHT BLUE M2,TFL Italy,O,85.0,25.0,Pigmented,pigment SIENA,,,,28.0,0.195,COMPOUND,2.0,0.0,1.0,1.0
262,105548.0,SELLA DERM FUCSIA M2,TFL Italy,O,85.0,25.0,,pigment SIENA,,,,24.0,0.548,COMPOUND,1.0,0.0,2.0,2.0
263,105549.0,SELLA DERM ORANGE M2,TFL Italy,O,85.0,25.0,,,,,25.0,,0.0,COMPOUND,2.0,0.0,2.0,0.0
264,105409.0,RODA GROUND RECO 5,TFL Italy,O,85.0,120.0,Binder,SIENA,,,13080.0,126.0,67.254,COMPOUND,249.0,0.0,64.0,53.0
265,105545.0,RODA WAX 4092,TFL Italy,O,85.0,110.0,Auxiliary,SIENA,,,2530.0,186.0,6.413,COMPOUND,83.0,0.0,17.0,15.0
266,105369.0,RODA PUR ADX,TFL Italy,O,85.0,120.0,Binder,SIENA,,,2520.0,214.0,14.268,COMPOUND,58.0,0.0,14.0,11.0
267,104944.0,RODA OIL KCF 673,TFL Italy,O,85.0,110.0,Auxiliary,SIENA,,,4510.0,110.0,20.0,COMPOUND,559.0,0.0,18.0,13.0
268,105063.0,FI 18988,STAHL,O,70.0,25.0,Auxiliary,SIENA,,,,15.0,0.0,,,,1.0,0.0
269,105560.0,RODA FIX 5792/N2,TFL Italy,O,85.0,120.0,Binder,,,,120.0,73.0,0.0,,,,0.0,0.0
270,105621.0,RODA WAX KCF 604/N,TFL Italy,O,85.0,120.0,Auxiliary,SIENA,,,2280.0,252.0,78.088,COMPOUND,580.0,0.0,154.0,124.0
271,105626.0,NNXC R-16L,,O,83.0,30.0,,sample-Shippiment Brazil to JBS Vietnan,,,1060.0,,0.0,,,,0.0,0.0
272,105685.0,PRIMEX 2293,GSC,O,70.0,5.0,Binder,sample-Chemicals for Chamois and Maestro ,,,20.0,2.0,0.96,,,,0.0,1.0
273,105193.0,ADDITIVE LIV 2455/2,GSC,O,83.0,5.0,Auxiliary,sample-Chemicals for Chamois and Maestro ,,,,1.0,0.968,,,,0.0,1.0
274,105684.0,FYL WAX 2500,GSC,O,83.0,10.0,Auxiliary,sample-Chemicals for Chamois and Maestro ,,,20.0,5.0,1.98,,,,1.0,1.0
275,105682.0,FYL WAX 69,GSC,O,83.0,50.0,Auxiliary,sample-Chemicals for Chamois and Maestro ,,,120.0,59.0,19.66,,,,7.0,14.0
276,105638.0,PEVIT XVS 5491,GSC,O,83.0,1.0,,Chemicals for Chamois and Maestro ,,,,,,,,,0.0,0.0
277,104930.0,RODA PUR WX,TFL,O,85.0,1.0,Binder,sample-Chemicals for Chamois and Maestro ,,,,46.0,0.0,,,,2.0,0.0
278,,ISOLAC FUCSIA LP,GSC,O,83.0,1.0,,Chemicals for Chamois and Maestro ,,,,,,,,,,
279,105612.0,SHADE FUXIA/EJ,GSC,O,83.0,10.0,Pigmented,,,,,,0.0,,,,0.0,0.0
280,104948.0,RODA WAX 6311,TFL Brazil,O,85.0,120.0,Auxiliary,,,,120.0,90.0,0.0,,,,7.0,9.0
281,105079.0,RODA CARE CE/N2,TFL Italy,O,85.0,80.0,,,,,1120.0,76.0,0.0,,,,13.0,0.0
282,105443.0,ICAFIX 282,ICAP,,,,,,,,1080.0,191.0,0.0,,,,22.0,44.0
283,105700.0,AQUADERM ADDITIVE XF EXP 2208,TFL,,,,,,,,,30.0,0.0,,,,0.0,0.0
284,105204.0,RODA FIX 5114/N DULL,TFL,,,,,,,,120.0,,0.0,,,,0.0,0.0
285,105652.0,RODA CAR B 98,TFL,,,,,,,,120.0,,0.0,,,,2.0,0.0
286,105370.0,RODA FIX 5792/N,TFL,,,,,,,,120.0,,0.0,COMPOUND,4.0,0.0,0.0,0.0
287,105029.0,RODA BASE SB,TFL,,,,,,,,240.0,,0.0,,,,0.0,0.0
288,105701.0,RODA BASE RECO 10,TFL,,,,,,,,120.0,,0.0,,,,0.0,0.0
289,105031.0,RODA BASE RECO 4,TFL,,,,,,,,120.0,,0.0,,,,0.0,0.0
290,105350.0,RODA FIX 5020,TFL,,,,,,,,120.0,267.0,0.0,,,,0.0,0.0
291,104790.0,RODA FIX 5010 GLOSS,TFL,,,,,,,,120.0,,0.0,,,,0.0,0.0
292,104791.0,RODA WAX KCF 699,TFL,,,,,,,,120.0,,0.0,,,,0.0,0.0
293,105375.0,RODA FIX 5284 GLOSS,TFL,,,,,,,,125.0,,0.0,,,,0.0,0.0
294,105706.0,RODA FIX SFD,TFL,,,,,,,,120.0,,0.0,,,,0.0,0.0
295,105746.0,PRDUCT WX 5266,TFL,,,,,,,,120.0,,0.0,,,,0.0,0.0
